{"cameraMode":{"drawMode":0,"name":"Shaded","section":"Shading Mode"},"sceneLighting":true,"audioPlay":false,"sceneViewState":{"showFog":true,"showMaterialUpdate":false,"showSkybox":true,"showFlares":true,"showImageEffects":true,"showParticleSystems":true},"in2DMode":false,"pivot":{"x":73.17135620117188,"y":11.066154479980469,"z":3.7630233764648439},"rotation":{"x":-0.17237743735313416,"y":0.4797973036766052,"z":-0.09675046056509018,"w":-0.8548215627670288},"size":43.06180191040039,"orthographic":false}